f;average;min;max;Q3;Q3_min;Q3_max
6.95255e-310;0.36842;0.0111111;1;0.357309;0.189766;0.547075
