f;average;min;max;Q3;Q3_min;Q3_max
6.95255e-310;1.04349;0.130282;4.50678;0.885509;0.600735;1.48624
