f;average;min;max;Q3;Q3_min;Q3_max
6.95255e-310;-1.0934;-10.3979;0.063677;1.07605;-1.63143;-0.555372
