f;average;min;max;Q3;Q3_min;Q3_max
6.95255e-310;-14.5474;-149.997;17.0464;27.429;-28.2619;-0.832856
