f;average;min;max;Q3;Q3_min;Q3_max
6.95318e-310;0.215861;0.00833333;1;0.190861;0.120431;0.311292
