f;average;min;max;Q3;Q3_min;Q3_max
6.95318e-310;0.998034;0.0756511;2.91683;0.731057;0.632505;1.36356
