f;average;min;max;Q3;Q3_min;Q3_max
6.95318e-310;-0.918264;-9.17252;0.0705807;0.875588;-1.35606;-0.480471
