f;average;min;max;Q3;Q3_min;Q3_max
6.95318e-310;-4.50327;-149.995;17.1601;16.0858;-12.5462;3.5396
